{
  "WorkItem": {
    "AffectedComponent": {
      "Name": "",
      "DisplayName": ""
    },
    "ClosedComment": "",
    "ClosedDate": null,
    "CommentCount": 0,
    "Custom": null,
    "Description": "Stackdump always returns error code 0, even if the debugger can’t attach to the process. Change the status code so it is able to make it easier to use in scripts. ",
    "LastUpdatedDate": "2010-09-14T13:52:14.383-07:00",
    "PlannedForRelease": "",
    "ReleaseVisibleToPublic": false,
    "Priority": {
      "Name": "Low",
      "Severity": 50,
      "Id": 1
    },
    "ProjectName": "stackdump",
    "ReportedDate": "2010-09-14T13:52:14.383-07:00",
    "Status": {
      "Name": "Proposed",
      "Id": 1
    },
    "ReasonClosed": {
      "Name": "Unassigned"
    },
    "Summary": "Return code ",
    "Type": {
      "Name": "Issue",
      "Id": 3
    },
    "VoteCount": 1,
    "Id": 5
  },
  "FileAttachments": [],
  "Comments": []
}