{
  "WorkItem": {
    "AffectedComponent": {
      "Name": "",
      "DisplayName": ""
    },
    "ClosedComment": "",
    "ClosedDate": "2010-09-03T07:48:52.59-07:00",
    "CommentCount": 1,
    "Custom": null,
    "Description": "If the stack dump ends with “SNINativeMethodWrapper.SNIReadSync” its means that databases call is done. And it should be possible to get the query text out of the argument to that method.\r\nExample of output:\r\n>StackDump.exe 4711 –showsql\r\nOS Thread Id:5840\r\n  SQL: “exec spGetProduct @id=4711”\r\n  SNINativeMethodWrapper.SNIReadSync(N/A)\r\n  ...\r\n  EPiServer.Common.Data.DatabaseHandler.GetReader(N/A, N/A)\r\n  MyCode.GetImagesForUser(...\r\n  ...\r\n",
    "LastUpdatedDate": "2017-12-12T10:17:51.333-08:00",
    "PlannedForRelease": "",
    "ReleaseVisibleToPublic": false,
    "Priority": {
      "Name": "Low",
      "Severity": 50,
      "Id": 1
    },
    "ProjectName": "stackdump",
    "ReportedDate": "2010-07-26T23:22:08.987-07:00",
    "Status": {
      "Name": "Closed",
      "Id": 4
    },
    "ReasonClosed": {
      "Name": "Unassigned"
    },
    "Summary": "Show database calls",
    "Type": {
      "Name": "Issue",
      "Id": 3
    },
    "VoteCount": 1,
    "Id": 3
  },
  "FileAttachments": [],
  "Comments": [
    {
      "Message": "I think that it is too little information that are given in the SNIReadSync to accomplish this. Therefore I develop another product for this \nhttp://world.episerver.com/Blogs/Mattias-Lovstrom/Dates/2010/9/Troubleshooting-database-tool--SqlClientLogger/\nand going to close this issue ",
      "PostedDate": "2010-09-03T07:47:10.493-07:00",
      "Id": 15673
    }
  ]
}