[
  {
    "Id": "0",
    "Name": "StackDump - stack dumps for .Net Applications",
    "DevelopmentStatus": "Stable",
    "Description": "!! Stackdump 4.5\nStackdump 4.5 delivers functionality to troubleshoot .Net processes running .Net version 2.0 – 4.5 for both 32- and 64-bit architectures. It includes two standalone programs:\n* Stackdump.exe – tool to dump all .Net running stacks to the console\n* ExceptionTrace.exe – tool to listen on all (handled and unhandled) exception of a running .Net process.\nStackDump is designed to be run in a production environment. StackDump will attach itself as a debugger to the process and temporary stop it; dump all running stacks to the console and start to process one again (this normally takes 5 – 10 seconds, and the application will be stopped during this time but it will continue running after the stacks are listed). \nExceptionTrace will attach itself to the process as a debugger and listen to all exceptions if an exception occurs it print it out to the console (it going to slow down the performance of your application).\n!! News in version 4.5\nImproved error handling.\nList processes for ExceptionTrace",
    "ReleasedDatge": "0001-01-01T00:00:00",
    "ModifiedDate": "2015-02-04T00:29:19.69-08:00",
    "Files": [
      {
        "Id": "e4d2be36-b228-422b-bf25-95b03e35595b",
        "FileName": "StackDump45.zip",
        "Url": "./0/e4d2be36-b228-422b-bf25-95b03e35595b",
        "Type": "Application",
        "UploadDate": "2015-02-04T00:27:43.02-08:00"
      },
      {
        "Id": "ddd30701-6493-4e92-beab-682ade1155c9",
        "FileName": "stackdump.exe",
        "Url": "./0/ddd30701-6493-4e92-beab-682ade1155c9",
        "Type": "Application",
        "UploadDate": "2010-06-24T14:47:13.24-07:00"
      },
      {
        "Id": "de2d26d6-9d4e-44b9-af85-f03139bcf6c5",
        "FileName": "StackdumpNet4_Beta.zip",
        "Url": "./0/de2d26d6-9d4e-44b9-af85-f03139bcf6c5",
        "Type": "Application",
        "UploadDate": "2011-07-21T11:35:25.763-07:00"
      },
      {
        "Id": "751fc434-e08f-4e37-a1d2-12014e206901",
        "FileName": "Stackdump4.zip",
        "Url": "./0/751fc434-e08f-4e37-a1d2-12014e206901",
        "Type": "Application",
        "UploadDate": "2011-12-23T03:32:02.123-08:00"
      },
      {
        "Id": "cf632b84-2d59-4f33-b433-b39910e5d014",
        "FileName": "Stackdump41Beta.zip",
        "Url": "./0/cf632b84-2d59-4f33-b433-b39910e5d014",
        "Type": "Application",
        "UploadDate": "2012-07-18T03:04:33.217-07:00"
      },
      {
        "Id": "9f54e67e-a796-45e1-97e4-2f2f729060b3",
        "FileName": "Stackdump41.zip",
        "Url": "./0/9f54e67e-a796-45e1-97e4-2f2f729060b3",
        "Type": "Application",
        "UploadDate": "2013-09-09T06:17:26.083-07:00"
      },
      {
        "Id": "a980a1bc-18f8-4636-819e-bd7943421f1f",
        "FileName": "StackDump45B.zip",
        "Url": "./0/a980a1bc-18f8-4636-819e-bd7943421f1f",
        "Type": "Application",
        "UploadDate": "2014-10-01T13:07:02.65-07:00"
      }
    ]
  }
]